{
  "GDP": 4.483413252915597,
  "PAYEMS": 0.7025335365901497,
  "INDPRO": -0.4998863468976489,
  "NEWORDER": -2.2551623895199073,
  "CSUSHPINSA": 10.852007129246804,
  "TOTALSA": 8.03716698030084
}